date,gameId,start,team,opp,ha,goalie_id,goalie,goalie_status,s_goalie,s_def,s_off,s_st,s_l5,s_fin,score,proj,p_over,b2b,opp_b2b,model_version,logged_at,actual,last_period,graded_at
2026-09-30,2026020007,2026-10-01T02:00:00Z,COL,LAK,Home,8475311,Darcy Kuemper,Confirmed,58.4,27.3,100,57.4,,53.8,62.6,3.516,0.682,0,0,1,2026-09-30 21:54,8,REG,2026-10-01 04:49
2026-09-30,2026020007,2026-10-01T02:00:00Z,LAK,COL,Away,8478406,Mackenzie Blackwood,Confirmed,29.4,15.7,29.1,1,,8,23.8,2.479,0.451,0,0,1,2026-09-30 21:54,4,REG,2026-10-01 04:49
2026-10-01,2026020009,2026-10-01T23:00:00Z,NJD,PHI,Home,8478435,Dan Vladar,Projected,28.3,25.8,38.1,53.8,,0,31.2,2.918,0.558,0,1,1,2026-10-01 04:49,,,
2026-10-01,2026020009,2026-10-01T23:00:00Z,PHI,NJD,Away,8474596,Jake Allen,Projected,34.4,43.4,21.5,5.9,,43.9,32.9,2.475,0.45,1,0,1,2026-10-01 04:49,,,
2026-10-01,2026020010,2026-10-01T23:00:00Z,NYR,TBL,Home,8476883,Andrei Vasilevskiy,Projected,7.9,31.2,18.1,36.3,,39.4,21.3,2.503,0.457,0,0,1,2026-10-01 04:49,,,
2026-10-01,2026020010,2026-10-01T23:00:00Z,TBL,NYR,Away,8478048,Igor Shesterkin,Projected,11.3,73.1,77.2,42.6,,60,62.4,3.114,0.602,0,0,1,2026-10-01 04:49,,,
2026-10-01,2026020011,2026-10-01T23:00:00Z,BUF,CBJ,Away,8482982,Jet Greaves,Projected,21.4,57.6,57.7,47.2,,99,50.4,2.929,0.561,0,0,1,2026-10-01 04:49,,,
2026-10-01,2026020011,2026-10-01T23:00:00Z,CBJ,BUF,Home,8480045,Ukko-Pekka Luukkonen,Likely,24.1,66.4,44.1,9.1,,36.3,49,3.062,0.59,0,0,1,2026-10-01 04:49,,,
2026-10-01,2026020012,2026-10-02T00:00:00Z,MIN,NSH,Away,8477424,Juuse Saros,Projected,61.6,74.5,57.4,62.5,,61,65.1,3.353,0.651,0,0,1,2026-10-01 04:49,,,
2026-10-01,2026020012,2026-10-02T00:00:00Z,NSH,MIN,Home,8482661,Jesper Wallstedt,Projected,33.6,33.4,37.1,40,,42.2,35,2.857,0.544,0,0,1,2026-10-01 04:49,,,
2026-10-01,2026020013,2026-10-02T01:30:00Z,CHI,UTA,Away,8478872,Karel Vejmelka,Projected,37.5,50.4,0,27.7,,40.2,27.7,2.497,0.455,0,0,1,2026-10-01 04:49,,,
2026-10-01,2026020013,2026-10-02T01:30:00Z,UTA,CHI,Home,8481519,Spencer Knight,Projected,31.7,91.4,54.4,20.9,,68.2,64.7,3.392,0.659,0,0,1,2026-10-01 04:49,,,
2026-10-01,2026020014,2026-10-02T01:00:00Z,CGY,SEA,Home,8478916,Joey Daccord,Projected,59,56.4,11,34.2,,13,38.7,2.93,0.561,0,0,1,2026-10-01 04:49,,,
2026-10-01,2026020014,2026-10-02T01:00:00Z,SEA,CGY,Away,8481692,Dustin Wolf,Confirmed,50.6,75,11.3,27.9,,57.8,44.6,2.819,0.535,0,0,1,2026-10-01 04:49,,,
2026-10-01,2026020015,2026-10-02T02:00:00Z,EDM,VAN,Away,8480947,Kevin Lankinen,Projected,82.9,100,72.1,100,,76.6,85.4,3.877,0.743,0,0,1,2026-10-01 04:49,,,
2026-10-01,2026020015,2026-10-02T02:00:00Z,VAN,EDM,Home,8482221,Devon Levi,Projected,47.7,48.5,16,51.6,,43.6,35.4,2.854,0.543,0,0,1,2026-10-01 04:49,,,
2026-10-01,2026020016,2026-10-02T02:00:00Z,FLA,SJS,Away,8482137,Yaroslav Askarov,Projected,81,66.1,41.9,60.4,,21.7,59.4,3.285,0.638,0,0,1,2026-10-01 04:49,,,
2026-10-01,2026020016,2026-10-02T02:00:00Z,SJS,FLA,Home,8481033,Akira Schmid,Projected,50.1,63.4,33.2,52.5,,70.6,48.7,3.138,0.607,0,0,1,2026-10-01 04:49,,,
